{
  "hash": "882e39f6",
  "configHash": "1c76bbfc",
  "lockfileHash": "0e3c78c7",
  "browserHash": "7db2a4f9",
  "optimized": {
    "@angular/core": {
      "src": "../../../../../node_modules/@angular/core/fesm2022/core.mjs",
      "file": "@angular_core.js",
      "fileHash": "0add9b7a",
      "needsInterop": false
    },
    "@angular/platform-browser": {
      "src": "../../../../../node_modules/@angular/platform-browser/fesm2022/platform-browser.mjs",
      "file": "@angular_platform-browser.js",
      "fileHash": "c1963cea",
      "needsInterop": false
    },
    "@angular/router": {
      "src": "../../../../../node_modules/@angular/router/fesm2022/router.mjs",
      "file": "@angular_router.js",
      "fileHash": "e842096e",
      "needsInterop": false
    },
    "@angular/common/http": {
      "src": "../../../../../node_modules/@angular/common/fesm2022/http.mjs",
      "file": "@angular_common_http.js",
      "fileHash": "92504fd1",
      "needsInterop": false
    },
    "@angular/forms": {
      "src": "../../../../../node_modules/@angular/forms/fesm2022/forms.mjs",
      "file": "@angular_forms.js",
      "fileHash": "93f9a137",
      "needsInterop": false
    }
  },
  "chunks": {
    "chunk-5DUZT552": {
      "file": "chunk-5DUZT552.js"
    },
    "chunk-YWINUSRY": {
      "file": "chunk-YWINUSRY.js"
    },
    "chunk-5BBM4BSB": {
      "file": "chunk-5BBM4BSB.js"
    },
    "chunk-N3XTPJSH": {
      "file": "chunk-N3XTPJSH.js"
    }
  }
}